filename,width,height,class,xmin,ymin,xmax,ymax
image_EscuelaAtenas_1.jpg,1280,912,Platon,568,467,658,667
image_EscuelaAtenas_1.jpg,1280,912,Aristoteles,658,467,734,672
image_EscuelaAtenas_1.jpg,1280,912,Heraclito,453,666,676,888
image_EscuelaAtenas_11.jpg,1280,688,Platon,568,465,658,670
image_EscuelaAtenas_11.jpg,1280,688,Aristoteles,648,466,737,669
image_EscuelaAtenas_12.jpg,1280,912,Platon,566,466,659,666
image_EscuelaAtenas_12.jpg,1280,912,Aristoteles,660,466,741,669
image_EscuelaAtenas_12.jpg,1280,912,Heraclito,457,667,654,888
image_EscuelaAtenas_14.jpg,1280,912,Platon,569,472,661,663
image_EscuelaAtenas_14.jpg,1280,912,Aristoteles,657,472,736,667
image_EscuelaAtenas_14.jpg,1280,912,Heraclito,464,675,674,887
image_EscuelaAtenas_15.jpg,1280,912,Platon,572,470,662,668
image_EscuelaAtenas_15.jpg,1280,912,Aristoteles,652,467,739,666
image_EscuelaAtenas_15.jpg,1280,912,Heraclito,465,676,671,890
image_EscuelaAtenas_16.jpg,1280,912,Platon,569,471,661,663
image_EscuelaAtenas_16.jpg,1280,912,Aristoteles,650,469,736,666
image_EscuelaAtenas_16.jpg,1280,912,Heraclito,469,671,665,895
image_EscuelaAtenas_17.jpg,1280,912,Platon,571,474,662,661
image_EscuelaAtenas_17.jpg,1280,912,Aristoteles,655,473,742,663
image_EscuelaAtenas_17.jpg,1280,912,Heraclito,463,672,657,881
image_EscuelaAtenas_19.jpg,1280,912,Platon,571,470,659,667
image_EscuelaAtenas_19.jpg,1280,912,Aristoteles,656,470,740,671
image_EscuelaAtenas_19.jpg,1280,912,Heraclito,471,670,657,887
image_EscuelaAtenas_20.jpg,1280,912,Platon,572,469,665,668
image_EscuelaAtenas_20.jpg,1280,912,Aristoteles,661,470,737,668
image_EscuelaAtenas_20.jpg,1280,912,Heraclito,443,668,667,892
image_EscuelaAtenas_22.jpg,335,562,Platon,112,135,200,331
image_EscuelaAtenas_22.jpg,335,562,Aristoteles,199,134,277,332
image_EscuelaAtenas_22.jpg,335,562,Heraclito,6,335,185,556
image_EscuelaAtenas_23.jpg,335,562,Platon,106,133,201,331
image_EscuelaAtenas_23.jpg,335,562,Aristoteles,195,132,276,332
image_EscuelaAtenas_23.jpg,335,562,Heraclito,11,335,173,557
image_EscuelaAtenas_24.jpg,335,562,Platon,111,135,202,331
image_EscuelaAtenas_24.jpg,335,562,Aristoteles,193,134,268,333
image_EscuelaAtenas_24.jpg,335,562,Heraclito,13,335,176,554
image_EscuelaAtenas_25.jpg,335,562,Platon,113,137,201,331
image_EscuelaAtenas_25.jpg,335,562,Aristoteles,192,135,273,331
image_EscuelaAtenas_25.jpg,335,562,Heraclito,9,330,188,556
image_EscuelaAtenas_27.jpg,335,562,Platon,113,135,198,334
image_EscuelaAtenas_27.jpg,335,562,Aristoteles,188,128,272,335
image_EscuelaAtenas_27.jpg,335,562,Heraclito,15,325,165,553
image_EscuelaAtenas_28.jpg,335,562,Platon,106,131,200,336
image_EscuelaAtenas_28.jpg,335,562,Aristoteles,190,130,280,331
image_EscuelaAtenas_28.jpg,335,562,Heraclito,9,337,176,556
image_EscuelaAtenas_29.jpg,335,562,Platon,102,133,199,331
image_EscuelaAtenas_29.jpg,335,562,Aristoteles,191,133,277,335
image_EscuelaAtenas_29.jpg,335,562,Heraclito,2,326,171,557
image_EscuelaAtenas_3.jpg,335,562,Platon,114,136,198,326
image_EscuelaAtenas_3.jpg,335,562,Aristoteles,192,133,276,330
image_EscuelaAtenas_3.jpg,335,562,Heraclito,5,331,164,558
image_EscuelaAtenas_30.jpg,335,562,Platon,113,131,198,328
image_EscuelaAtenas_30.jpg,335,562,Aristoteles,190,130,276,332
image_EscuelaAtenas_30.jpg,335,562,Heraclito,3,334,157,557
image_EscuelaAtenas_31.jpg,213,235,Platon,21,44,107,235
image_EscuelaAtenas_31.jpg,213,235,Aristoteles,104,36,183,234
image_EscuelaAtenas_32.jpg,213,235,Platon,23,42,112,234
image_EscuelaAtenas_32.jpg,213,235,Aristoteles,109,39,188,234
image_EscuelaAtenas_33.jpg,213,235,Platon,23,38,113,235
image_EscuelaAtenas_33.jpg,213,235,Aristoteles,103,38,186,234
image_EscuelaAtenas_35.jpg,213,235,Platon,27,41,110,232
image_EscuelaAtenas_35.jpg,213,235,Aristoteles,100,38,187,234
image_EscuelaAtenas_36.jpg,213,235,Platon,29,40,111,235
image_EscuelaAtenas_36.jpg,213,235,Aristoteles,104,36,184,235
image_EscuelaAtenas_37.jpg,213,235,Platon,27,38,111,234
image_EscuelaAtenas_37.jpg,213,235,Aristoteles,104,36,186,235
image_EscuelaAtenas_38.jpg,213,235,Platon,24,40,106,234
image_EscuelaAtenas_38.jpg,213,235,Aristoteles,104,37,192,233
image_EscuelaAtenas_39.jpg,213,235,Platon,25,39,116,234
image_EscuelaAtenas_39.jpg,213,235,Aristoteles,103,37,195,235
image_EscuelaAtenas_4.jpg,789,427,Platon,290,164,379,357
image_EscuelaAtenas_4.jpg,789,427,Aristoteles,373,163,451,356
image_EscuelaAtenas_4.jpg,789,427,Heraclito,218,365,328,427
image_EscuelaAtenas_41.jpg,763,792,Platon,136,472,217,666
image_EscuelaAtenas_41.jpg,763,792,Aristoteles,213,471,298,670
image_EscuelaAtenas_41.jpg,763,792,Heraclito,28,670,195,789
image_EscuelaAtenas_43.jpg,763,792,Platon,132,468,218,669
image_EscuelaAtenas_43.jpg,763,792,Aristoteles,210,466,294,672
image_EscuelaAtenas_43.jpg,763,792,Heraclito,33,660,181,790
image_EscuelaAtenas_44.jpg,763,792,Heraclito,41,673,191,790
image_EscuelaAtenas_44.jpg,763,792,Platon,133,466,219,666
image_EscuelaAtenas_44.jpg,763,792,Aristoteles,204,465,302,667
image_EscuelaAtenas_45.jpg,763,792,Platon,130,467,221,668
image_EscuelaAtenas_45.jpg,763,792,Aristoteles,210,464,295,670
image_EscuelaAtenas_45.jpg,763,792,Heraclito,33,666,190,788
image_EscuelaAtenas_46.jpg,763,792,Platon,124,463,219,668
image_EscuelaAtenas_46.jpg,763,792,Aristoteles,206,461,302,669
image_EscuelaAtenas_46.jpg,763,792,Heraclito,28,661,190,789
image_EscuelaAtenas_47.jpg,763,792,Platon,129,464,215,671
image_EscuelaAtenas_47.jpg,763,792,Aristoteles,208,463,304,670
image_EscuelaAtenas_47.jpg,763,792,Heraclito,35,661,184,790
image_EscuelaAtenas_48.jpg,763,792,Platon,127,462,219,668
image_EscuelaAtenas_48.jpg,763,792,Aristoteles,210,462,307,660
image_EscuelaAtenas_48.jpg,763,792,Heraclito,31,664,181,790
image_EscuelaAtenas_49.jpg,763,792,Platon,130,467,222,670
image_EscuelaAtenas_49.jpg,763,792,Aristoteles,210,467,304,673
image_EscuelaAtenas_49.jpg,763,792,Heraclito,30,661,177,791
image_EscuelaAtenas_5.jpg,213,235,Platon,23,39,107,235
image_EscuelaAtenas_5.jpg,213,235,Aristoteles,103,36,184,232
image_EscuelaAtenas_50.jpg,763,792,Platon,128,470,218,670
image_EscuelaAtenas_50.jpg,763,792,Aristoteles,211,470,303,670
image_EscuelaAtenas_50.jpg,763,792,Heraclito,23,661,168,779
image_EscuelaAtenas_51.jpg,631,555,Platon,132,373,212,552
image_EscuelaAtenas_51.jpg,631,555,Aristoteles,206,372,293,551
image_EscuelaAtenas_52.jpg,631,555,Platon,130,377,214,555
image_EscuelaAtenas_52.jpg,631,555,Aristoteles,208,376,298,552
image_EscuelaAtenas_53.jpg,631,555,Platon,134,380,215,551
image_EscuelaAtenas_53.jpg,631,555,Aristoteles,210,374,296,550
image_EscuelaAtenas_54.jpg,631,555,Platon,130,375,214,553
image_EscuelaAtenas_54.jpg,631,555,Aristoteles,203,374,300,553
image_EscuelaAtenas_55.jpg,631,555,Platon,129,372,217,548
image_EscuelaAtenas_55.jpg,631,555,Aristoteles,208,372,298,551
image_EscuelaAtenas_56.jpg,631,555,Platon,133,374,219,553
image_EscuelaAtenas_56.jpg,631,555,Aristoteles,205,373,309,554
image_EscuelaAtenas_57.jpg,631,555,Platon,133,374,217,552
image_EscuelaAtenas_57.jpg,631,555,Aristoteles,206,374,304,551
image_EscuelaAtenas_58.jpg,631,555,Platon,138,378,217,551
image_EscuelaAtenas_58.jpg,631,555,Aristoteles,209,376,300,555
image_EscuelaAtenas_59.jpg,631,555,Platon,134,375,219,555
image_EscuelaAtenas_59.jpg,631,555,Aristoteles,211,376,295,555
image_EscuelaAtenas_6.jpg,763,792,Platon,129,470,218,665
image_EscuelaAtenas_6.jpg,763,792,Heraclito,31,657,179,789
image_EscuelaAtenas_6.jpg,763,792,Aristoteles,203,469,303,666
image_EscuelaAtenas_61.jpg,409,601,Platon,24,386,112,590
image_EscuelaAtenas_61.jpg,409,601,Aristoteles,98,388,191,590
image_EscuelaAtenas_62.jpg,409,601,Platon,16,386,108,587
image_EscuelaAtenas_62.jpg,409,601,Aristoteles,98,386,183,590
image_EscuelaAtenas_63.jpg,409,601,Platon,22,387,106,595
image_EscuelaAtenas_63.jpg,409,601,Aristoteles,97,384,184,594
image_EscuelaAtenas_64.jpg,409,601,Platon,18,388,109,594
image_EscuelaAtenas_64.jpg,409,601,Aristoteles,98,385,185,593
image_EscuelaAtenas_65.jpg,409,601,Platon,23,396,107,592
image_EscuelaAtenas_65.jpg,409,601,Aristoteles,101,390,188,596
image_EscuelaAtenas_67.jpg,409,601,Platon,20,390,107,590
image_EscuelaAtenas_67.jpg,409,601,Aristoteles,97,388,184,591
image_EscuelaAtenas_68.jpg,409,601,Platon,26,389,109,586
image_EscuelaAtenas_68.jpg,409,601,Aristoteles,99,386,188,591
image_EscuelaAtenas_7.jpg,1280,686,Platon,571,469,667,665
image_EscuelaAtenas_7.jpg,1280,686,Aristoteles,654,468,745,671
image_EscuelaAtenas_70.jpg,409,601,Platon,15,386,111,593
image_EscuelaAtenas_70.jpg,409,601,Aristoteles,98,386,183,590
image_EscuelaAtenas_72.jpg,443,905,Platon,38,469,126,670
image_EscuelaAtenas_72.jpg,443,905,Heraclito,5,662,93,874
image_EscuelaAtenas_72.jpg,443,905,Aristoteles,117,469,213,666
image_EscuelaAtenas_74.jpg,443,905,Platon,41,468,126,674
image_EscuelaAtenas_74.jpg,443,905,Aristoteles,115,466,209,667
image_EscuelaAtenas_74.jpg,443,905,Heraclito,4,661,75,857
image_EscuelaAtenas_75.jpg,443,905,Platon,34,461,126,670
image_EscuelaAtenas_75.jpg,443,905,Aristoteles,117,461,215,669
image_EscuelaAtenas_75.jpg,443,905,Heraclito,2,660,89,865
image_EscuelaAtenas_76.jpg,443,905,Platon,40,465,125,665
image_EscuelaAtenas_76.jpg,443,905,Aristoteles,118,464,217,670
image_EscuelaAtenas_76.jpg,443,905,Heraclito,2,664,87,863
image_EscuelaAtenas_77.jpg,443,905,Platon,32,465,125,665
image_EscuelaAtenas_77.jpg,443,905,Aristoteles,118,463,209,669
image_EscuelaAtenas_77.jpg,443,905,Heraclito,4,659,88,862
image_EscuelaAtenas_8.jpg,631,555,Platon,132,373,213,553
image_EscuelaAtenas_8.jpg,631,555,Aristoteles,212,374,303,555
image_EscuelaAtenas_80.jpg,443,905,Platon,30,469,129,665
image_EscuelaAtenas_80.jpg,443,905,Aristoteles,115,464,203,664
image_EscuelaAtenas_80.jpg,443,905,Heraclito,3,666,92,878
image_EscuelaAtenas_9.jpg,409,601,Platon,20,388,104,590
image_EscuelaAtenas_9.jpg,409,601,Aristoteles,100,386,194,593
image_Gioconda_11.jpg,800,1192,Gioconda,12,66,788,1123
image_Gioconda_12.jpg,800,1192,Gioconda,13,56,792,1144
image_Gioconda_13.jpg,800,1192,Gioconda,21,69,797,1105
image_Gioconda_14.jpg,800,1192,Gioconda,11,80,792,1128
image_Gioconda_16.jpg,767,625,Gioconda,9,12,717,618
image_Gioconda_17.jpg,767,625,Gioconda,17,16,732,613
image_Gioconda_19.jpg,767,625,Gioconda,11,10,738,620
image_Gioconda_2.jpg,767,625,Gioconda,10,9,742,614
image_Gioconda_20.jpg,767,625,Gioconda,11,8,740,613
image_Gioconda_21.jpg,767,625,Gioconda,14,13,742,612
image_Gioconda_23.jpg,767,625,Gioconda,9,13,745,616
image_Gioconda_24.jpg,767,625,Gioconda,16,9,738,616
image_Gioconda_25.jpg,767,625,Gioconda,8,18,735,617
image_Gioconda_27.jpg,639,414,Gioconda,88,16,627,410
image_Gioconda_28.jpg,639,414,Gioconda,139,13,603,412
image_Gioconda_3.jpg,639,414,Gioconda,146,21,606,410
image_Gioconda_31.jpg,639,414,Gioconda,165,9,605,409
image_Gioconda_32.jpg,639,414,Gioconda,170,15,604,414
image_Gioconda_34.jpg,639,414,Gioconda,158,9,606,411
image_Gioconda_35.jpg,639,414,Gioconda,169,17,601,413
image_Gioconda_36.jpg,731,1037,Gioconda,33,24,706,1027
image_Gioconda_4.jpg,731,1037,Gioconda,10,19,720,1031
image_Gioconda_41.jpg,731,1037,Gioconda,12,20,727,1021
image_Gioconda_42.jpg,731,1037,Gioconda,9,13,714,1021
image_Gioconda_43.jpg,731,1037,Gioconda,6,10,723,1025
image_Gioconda_44.jpg,731,1037,Gioconda,14,15,718,1015
image_Gioconda_45.jpg,731,1037,Gioconda,8,21,726,1015
image_Gioconda_46.jpg,800,1192,Gioconda,6,52,795,1107
image_Gioconda_47.jpg,800,1192,Gioconda,17,83,794,1142
image_Gioconda_48.jpg,800,1192,Gioconda,12,84,789,1129
image_Gioconda_49.jpg,800,1192,Gioconda,17,94,797,1114
image_Gioconda_5.jpg,800,1192,Gioconda,10,72,794,1106
image_Gioconda_50.jpg,800,1192,Gioconda,12,81,786,1116
image_Gioconda_51.jpg,800,1192,Gioconda,29,85,790,1107
image_Gioconda_52.jpg,800,1192,Gioconda,13,53,791,1135
image_Gioconda_53.jpg,800,1192,Gioconda,19,83,782,1118
image_Gioconda_54.jpg,800,1192,Gioconda,6,79,794,1119
image_Gioconda_55.jpg,800,1192,Gioconda,16,89,789,1114
image_Gioconda_56.jpg,800,1192,Gioconda,10,86,791,1112
image_Gioconda_57.jpg,800,1192,Gioconda,8,79,782,1123
image_Gioconda_58.jpg,800,1192,Gioconda,19,91,792,1111
image_Gioconda_59.jpg,800,1192,Gioconda,7,80,788,1122
image_Gioconda_6.jpg,800,1192,Gioconda,18,77,800,1126
image_Gioconda_60.jpg,800,1192,Gioconda,11,80,794,1111
image_Gioconda_61.jpg,800,1192,Gioconda,17,75,786,1123
image_Gioconda_62.jpg,800,1192,Gioconda,23,99,782,1141
image_Gioconda_63.jpg,800,1192,Gioconda,8,84,794,1129
image_Gioconda_64.jpg,800,1192,Gioconda,10,71,794,1123
image_Gioconda_65.jpg,800,1192,Gioconda,18,90,791,1124
image_Gioconda_66.jpg,800,1192,Gioconda,24,72,789,1123
image_Gioconda_67.jpg,800,1192,Gioconda,25,97,778,1127
image_Gioconda_68.jpg,800,1192,Gioconda,21,95,791,1123
image_Gioconda_69.jpg,800,1192,Gioconda,25,83,789,1110
image_Gioconda_7.jpg,800,1192,Gioconda,24,89,784,1123
image_Gioconda_70.jpg,800,1192,Gioconda,25,89,788,1135
image_Gioconda_9.jpg,800,1192,Gioconda,19,97,794,1129
image_LasMeninas_101.jpg,1668,1920,Diego Velazquez,262,941,529,1240
image_LasMeninas_101.jpg,1668,1920,Maria Agustina,424,1180,666,1519
image_LasMeninas_101.jpg,1668,1920,Infanta Margarita,668,1190,957,1600
image_LasMeninas_101.jpg,1668,1920,Isabel de Velasco,941,1044,1264,1479
image_LasMeninas_101.jpg,1668,1920,Mari Barbola,1274,1143,1533,1517
image_LasMeninas_102.jpg,929,1050,Diego Velazquez,262,79,524,364
image_LasMeninas_102.jpg,929,1050,Maria Agustina,416,321,672,659
image_LasMeninas_102.jpg,929,1050,Infanta Margarita,674,343,926,676
image_LasMeninas_103.jpg,939,1020,Infanta Margarita,11,444,243,802
image_LasMeninas_103.jpg,939,1020,Isabel de Velasco,248,289,529,686
image_LasMeninas_103.jpg,939,1020,Mari Barbola,541,400,832,733
image_LasMeninas_104.jpg,305,597,Infanta Margarita,1,39,233,368
image_LasMeninas_105.jpg,681,784,Isabel de Velasco,16,302,294,689
image_LasMeninas_105.jpg,681,784,Mari Barbola,333,398,580,740
image_LasMeninas_106.jpg,398,517,Mari Barbola,31,33,299,380
image_LasMeninas_107.jpg,709,837,Diego Velazquez,266,18,543,286
image_LasMeninas_107.jpg,709,837,Maria Agustina,406,252,665,601
image_LasMeninas_108.jpg,389,657,Maria Agustina,43,66,348,424
image_LasMeninas_109.jpg,1638,849,Diego Velazquez,264,19,531,291
image_LasMeninas_109.jpg,1638,849,Maria Agustina,420,276,661,600
image_LasMeninas_109.jpg,1638,849,Infanta Margarita,668,287,942,661
image_LasMeninas_109.jpg,1638,849,Isabel de Velasco,946,141,1244,521
image_LasMeninas_109.jpg,1638,849,Mari Barbola,1252,232,1538,575
image_LasMeninas_110.jpg,672,849,Isabel de Velasco,1,137,274,522
image_LasMeninas_110.jpg,672,849,Mari Barbola,301,227,581,597
image_LasMeninas_111.jpg,268,517,Isabel de Velasco,7,138,261,511
image_LasMeninas_112.jpg,706,666,Maria Agustina,69,91,322,473
image_LasMeninas_112.jpg,706,666,Infanta Margarita,324,99,606,493
image_LasMeninas_113.jpg,607,334,Maria Agustina,81,86,315,334
image_LasMeninas_113.jpg,607,334,Infanta Margarita,322,95,575,334
image_LasMeninas_114.jpg,262,340,Infanta Margarita,1,104,234,332
image_LasMeninas_115.jpg,1222,712,Diego Velazquez,261,17,537,286
image_LasMeninas_115.jpg,1222,712,Maria Agustina,402,271,657,596
image_LasMeninas_115.jpg,1222,712,Infanta Margarita,660,281,932,630
image_LasMeninas_115.jpg,1222,712,Isabel de Velasco,936,134,1209,522
image_LasMeninas_116.jpg,660,443,Diego Velazquez,240,14,522,293
image_LasMeninas_116.jpg,660,443,Maria Agustina,448,271,636,439
image_LasMeninas_117.jpg,1271,852,Diego Velazquez,257,32,533,302
image_LasMeninas_117.jpg,1271,852,Maria Agustina,405,272,675,602
image_LasMeninas_117.jpg,1271,852,Infanta Margarita,684,287,936,640
image_LasMeninas_117.jpg,1271,852,Isabel de Velasco,946,136,1235,533
image_LasMeninas_118.jpg,836,544,Maria Agustina,35,265,221,537
image_LasMeninas_118.jpg,836,544,Infanta Margarita,233,293,500,544
image_LasMeninas_118.jpg,836,544,Isabel de Velasco,511,125,813,520
image_LasMeninas_119.jpg,525,317,Maria Agustina,28,53,221,313
image_LasMeninas_119.jpg,525,317,Infanta Margarita,233,60,480,317
image_LasMeninas_120.jpg,983,875,Infanta Margarita,3,318,267,675
image_LasMeninas_120.jpg,983,875,Isabel de Velasco,270,160,567,566
image_LasMeninas_120.jpg,983,875,Mari Barbola,576,271,876,618
image_LasMeninas_121.jpg,620,875,Infanta Margarita,12,330,265,681
image_LasMeninas_121.jpg,620,875,Isabel de Velasco,271,179,570,562
image_LasMeninas_122.jpg,1668,1920,Diego Velazquez,241,937,550,1220
image_LasMeninas_122.jpg,1668,1920,Maria Agustina,399,1190,692,1513
image_LasMeninas_122.jpg,1668,1920,Infanta Margarita,698,1222,970,1590
image_LasMeninas_122.jpg,1668,1920,Isabel de Velasco,958,1063,1271,1440
image_LasMeninas_122.jpg,1668,1920,Mari Barbola,1281,1164,1546,1511
image_LasMeninas_123.jpg,1668,1920,Diego Velazquez,251,941,546,1234
image_LasMeninas_123.jpg,1668,1920,Maria Agustina,441,1210,673,1541
image_LasMeninas_123.jpg,1668,1920,Infanta Margarita,679,1190,938,1586
image_LasMeninas_123.jpg,1668,1920,Isabel de Velasco,924,1046,1279,1473
image_LasMeninas_123.jpg,1668,1920,Mari Barbola,1283,1166,1566,1551
image_LasMeninas_124.jpg,1668,1920,Diego Velazquez,261,933,524,1261
image_LasMeninas_124.jpg,1668,1920,Maria Agustina,431,1182,679,1533
image_LasMeninas_124.jpg,1668,1920,Infanta Margarita,675,1212,972,1578
image_LasMeninas_124.jpg,1668,1920,Isabel de Velasco,964,1042,1263,1473
image_LasMeninas_124.jpg,1668,1920,Mari Barbola,1277,1166,1534,1495
image_LasMeninas_125.jpg,1668,1920,Diego Velazquez,251,915,558,1214
image_LasMeninas_125.jpg,1668,1920,Maria Agustina,443,1204,669,1527
image_LasMeninas_125.jpg,1668,1920,Infanta Margarita,679,1198,970,1576
image_LasMeninas_125.jpg,1668,1920,Isabel de Velasco,978,1040,1267,1473
image_LasMeninas_125.jpg,1668,1920,Mari Barbola,1271,1157,1530,1497
image_LasMeninas_126.jpg,1668,1920,Diego Velazquez,247,939,548,1220
image_LasMeninas_126.jpg,1668,1920,Maria Agustina,433,1188,683,1537
image_LasMeninas_126.jpg,1668,1920,Infanta Margarita,692,1200,970,1570
image_LasMeninas_126.jpg,1668,1920,Isabel de Velasco,938,1020,1253,1456
image_LasMeninas_126.jpg,1668,1920,Mari Barbola,1249,1151,1558,1525
image_LasMeninas_127.jpg,1668,1920,Diego Velazquez,235,947,552,1212
image_LasMeninas_127.jpg,1668,1920,Maria Agustina,433,1164,679,1545
image_LasMeninas_127.jpg,1668,1920,Infanta Margarita,669,1198,968,1578
image_LasMeninas_127.jpg,1668,1920,Isabel de Velasco,958,1040,1283,1499
image_LasMeninas_127.jpg,1668,1920,Mari Barbola,1284,1166,1568,1564
image_LasMeninas_128.jpg,1668,1920,Diego Velazquez,243,941,518,1224
image_LasMeninas_128.jpg,1668,1920,Maria Agustina,415,1198,673,1525
image_LasMeninas_128.jpg,1668,1920,Infanta Margarita,681,1188,960,1582
image_LasMeninas_128.jpg,1668,1920,Isabel de Velasco,966,1063,1279,1497
image_LasMeninas_128.jpg,1668,1920,Mari Barbola,1279,1170,1522,1503
image_LasMeninas_129.jpg,1668,1920,Diego Velazquez,265,939,528,1222
image_LasMeninas_129.jpg,1668,1920,Maria Agustina,439,1198,671,1523
image_LasMeninas_129.jpg,1668,1920,Infanta Margarita,675,1214,938,1551
image_LasMeninas_129.jpg,1668,1920,Isabel de Velasco,928,1040,1269,1485
image_LasMeninas_129.jpg,1668,1920,Mari Barbola,1277,1153,1552,1533
image_LasMeninas_130.jpg,1668,1920,Diego Velazquez,245,921,540,1214
image_LasMeninas_130.jpg,1668,1920,Maria Agustina,376,1164,669,1533
image_LasMeninas_130.jpg,1668,1920,Infanta Margarita,663,1162,940,1608
image_LasMeninas_130.jpg,1668,1920,Isabel de Velasco,930,1016,1253,1483
image_LasMeninas_130.jpg,1668,1920,Mari Barbola,1259,1153,1532,1549
image_LasMeninas_131.jpg,1668,1920,Diego Velazquez,253,957,538,1226
image_LasMeninas_131.jpg,1668,1920,Maria Agustina,441,1180,675,1535
image_LasMeninas_131.jpg,1668,1920,Infanta Margarita,675,1202,964,1590
image_LasMeninas_131.jpg,1668,1920,Isabel de Velasco,932,1018,1263,1465
image_LasMeninas_131.jpg,1668,1920,Mari Barbola,1269,1143,1548,1543
image_LasMeninas_132.jpg,1668,1920,Diego Velazquez,247,939,558,1230
image_LasMeninas_132.jpg,1668,1920,Maria Agustina,441,1196,673,1515
image_LasMeninas_132.jpg,1668,1920,Infanta Margarita,665,1170,952,1580
image_LasMeninas_132.jpg,1668,1920,Isabel de Velasco,958,1038,1265,1481
image_LasMeninas_132.jpg,1668,1920,Mari Barbola,1267,1155,1532,1507
image_LasMeninas_133.jpg,1668,1920,Diego Velazquez,239,939,552,1226
image_LasMeninas_133.jpg,1668,1920,Maria Agustina,433,1202,661,1547
image_LasMeninas_133.jpg,1668,1920,Infanta Margarita,667,1194,970,1624
image_LasMeninas_133.jpg,1668,1920,Isabel de Velasco,950,1050,1273,1497
image_LasMeninas_133.jpg,1668,1920,Mari Barbola,1281,1131,1540,1495
image_LasMeninas_134.jpg,1668,1920,Diego Velazquez,257,917,540,1220
image_LasMeninas_134.jpg,1668,1920,Maria Agustina,447,1174,663,1545
image_LasMeninas_134.jpg,1668,1920,Infanta Margarita,684,1218,960,1551
image_LasMeninas_134.jpg,1668,1920,Isabel de Velasco,952,1038,1245,1485
image_LasMeninas_134.jpg,1668,1920,Mari Barbola,1263,1139,1532,1517
image_LasMeninas_135.jpg,1668,1920,Diego Velazquez,245,951,526,1224
image_LasMeninas_135.jpg,1668,1920,Maria Agustina,433,1188,673,1535
image_LasMeninas_135.jpg,1668,1920,Infanta Margarita,669,1218,958,1604
image_LasMeninas_135.jpg,1668,1920,Isabel de Velasco,960,1050,1261,1469
image_LasMeninas_135.jpg,1668,1920,Mari Barbola,1255,1149,1534,1511
image_LasMeninas_136.jpg,1668,1920,Diego Velazquez,251,947,542,1210
image_LasMeninas_136.jpg,1668,1920,Maria Agustina,407,1174,663,1523
image_LasMeninas_136.jpg,1668,1920,Infanta Margarita,675,1174,960,1555
image_LasMeninas_136.jpg,1668,1920,Isabel de Velasco,956,1038,1296,1454
image_LasMeninas_136.jpg,1668,1920,Mari Barbola,1296,1166,1542,1491
image_LasMeninas_137.jpg,1668,1920,Diego Velazquez,227,933,526,1218
image_LasMeninas_137.jpg,1668,1920,Maria Agustina,397,1186,698,1529
image_LasMeninas_137.jpg,1668,1920,Infanta Margarita,696,1182,960,1576
image_LasMeninas_137.jpg,1668,1920,Isabel de Velasco,966,1006,1283,1469
image_LasMeninas_137.jpg,1668,1920,Mari Barbola,1286,1143,1552,1519
image_LasMeninas_138.jpg,1668,1920,Diego Velazquez,239,909,542,1222
image_LasMeninas_138.jpg,1668,1920,Maria Agustina,409,1204,696,1547
image_LasMeninas_138.jpg,1668,1920,Infanta Margarita,706,1200,946,1553
image_LasMeninas_138.jpg,1668,1920,Isabel de Velasco,938,1058,1300,1444
image_LasMeninas_138.jpg,1668,1920,Mari Barbola,1304,1157,1536,1489
image_LasMeninas_139.jpg,1668,1920,Diego Velazquez,243,935,526,1222
image_LasMeninas_139.jpg,1668,1920,Maria Agustina,423,1186,663,1529
image_LasMeninas_139.jpg,1668,1920,Infanta Margarita,663,1204,950,1560
image_LasMeninas_139.jpg,1668,1920,Isabel de Velasco,930,1044,1281,1463
image_LasMeninas_139.jpg,1668,1920,Mari Barbola,1283,1159,1546,1527
image_LasMeninas_140.jpg,1668,1920,Diego Velazquez,247,935,538,1210
image_LasMeninas_140.jpg,1668,1920,Maria Agustina,437,1206,673,1523
image_LasMeninas_140.jpg,1668,1920,Infanta Margarita,681,1204,946,1551
image_LasMeninas_140.jpg,1668,1920,Isabel de Velasco,946,1058,1255,1454
image_LasMeninas_140.jpg,1668,1920,Mari Barbola,1265,1164,1548,1495
image_LasMeninas_141.jpg,1668,1920,Diego Velazquez,247,949,546,1210
image_LasMeninas_141.jpg,1668,1920,Maria Agustina,417,1190,679,1507
image_LasMeninas_141.jpg,1668,1920,Infanta Margarita,679,1188,972,1592
image_LasMeninas_141.jpg,1668,1920,Isabel de Velasco,968,1061,1253,1460
image_LasMeninas_141.jpg,1668,1920,Mari Barbola,1263,1164,1544,1505
image_LasMeninas_142.jpg,1668,1920,Diego Velazquez,245,937,554,1234
image_LasMeninas_142.jpg,1668,1920,Maria Agustina,417,1200,679,1525
image_LasMeninas_142.jpg,1668,1920,Infanta Margarita,679,1210,944,1560
image_LasMeninas_142.jpg,1668,1920,Isabel de Velasco,946,1069,1261,1442
image_LasMeninas_142.jpg,1668,1920,Mari Barbola,1265,1159,1534,1487
image_LasMeninas_143.jpg,1668,1920,Diego Velazquez,247,935,560,1220
image_LasMeninas_143.jpg,1668,1920,Maria Agustina,433,1188,675,1519
image_LasMeninas_143.jpg,1668,1920,Infanta Margarita,679,1198,940,1557
image_LasMeninas_143.jpg,1668,1920,Isabel de Velasco,942,1020,1288,1491
image_LasMeninas_143.jpg,1668,1920,Mari Barbola,1290,1151,1548,1507
image_LasMeninas_144.jpg,1668,1920,Diego Velazquez,251,913,534,1214
image_LasMeninas_144.jpg,1668,1920,Maria Agustina,374,1188,671,1521
image_LasMeninas_144.jpg,1668,1920,Infanta Margarita,688,1186,942,1545
image_LasMeninas_144.jpg,1668,1920,Isabel de Velasco,942,1044,1259,1452
image_LasMeninas_144.jpg,1668,1920,Mari Barbola,1259,1164,1554,1535
image_LasMeninas_145.jpg,1668,1920,Diego Velazquez,233,945,542,1220
image_LasMeninas_145.jpg,1668,1920,Maria Agustina,435,1186,679,1529
image_LasMeninas_145.jpg,1668,1920,Infanta Margarita,684,1180,958,1562
image_LasMeninas_145.jpg,1668,1920,Isabel de Velasco,936,1046,1281,1497
image_LasMeninas_145.jpg,1668,1920,Mari Barbola,1279,1153,1548,1521
image_LasMeninas_146.jpg,1668,1920,Diego Velazquez,227,913,522,1196
image_LasMeninas_146.jpg,1668,1920,Maria Agustina,385,1180,679,1531
image_LasMeninas_146.jpg,1668,1920,Infanta Margarita,683,1180,966,1590
image_LasMeninas_146.jpg,1668,1920,Isabel de Velasco,956,1026,1300,1499
image_LasMeninas_146.jpg,1668,1920,Mari Barbola,1296,1164,1562,1523
image_LasMeninas_147.jpg,1668,1920,Diego Velazquez,223,935,542,1214
image_LasMeninas_147.jpg,1668,1920,Maria Agustina,413,1172,667,1507
image_LasMeninas_147.jpg,1668,1920,Infanta Margarita,665,1192,962,1557
image_LasMeninas_147.jpg,1668,1920,Isabel de Velasco,948,1048,1284,1444
image_LasMeninas_147.jpg,1668,1920,Mari Barbola,1277,1099,1546,1505
image_LasMeninas_148.jpg,1668,1920,Diego Velazquez,257,943,554,1232
image_LasMeninas_148.jpg,1668,1920,Maria Agustina,403,1208,675,1535
image_LasMeninas_148.jpg,1668,1920,Infanta Margarita,698,1190,948,1580
image_LasMeninas_148.jpg,1668,1920,Isabel de Velasco,920,1044,1273,1463
image_LasMeninas_148.jpg,1668,1920,Mari Barbola,1269,1145,1534,1505
image_LasMeninas_149.jpg,1668,1920,Diego Velazquez,239,945,552,1216
image_LasMeninas_149.jpg,1668,1920,Maria Agustina,389,1200,688,1529
image_LasMeninas_149.jpg,1668,1920,Infanta Margarita,681,1200,984,1592
image_LasMeninas_149.jpg,1668,1920,Isabel de Velasco,952,1040,1277,1483
image_LasMeninas_149.jpg,1668,1920,Mari Barbola,1279,1164,1534,1475
image_LasMeninas_150.jpg,1668,1920,Diego Velazquez,257,927,550,1252
image_LasMeninas_150.jpg,1668,1920,Maria Agustina,376,1194,661,1531
image_LasMeninas_150.jpg,1668,1920,Infanta Margarita,667,1204,964,1559
image_LasMeninas_150.jpg,1668,1920,Isabel de Velasco,960,1071,1267,1454
image_LasMeninas_150.jpg,1668,1920,Mari Barbola,1271,1137,1526,1503
image_LasMeninas_151.jpg,1668,1920,Diego Velazquez,263,903,542,1214
image_LasMeninas_151.jpg,1668,1920,Maria Agustina,433,1188,671,1553
image_LasMeninas_151.jpg,1668,1920,Infanta Margarita,675,1174,942,1559
image_LasMeninas_151.jpg,1668,1920,Isabel de Velasco,930,1056,1284,1467
image_LasMeninas_151.jpg,1668,1920,Mari Barbola,1281,1151,1536,1495
image_LasMeninas_152.jpg,1668,1920,Diego Velazquez,251,943,526,1206
image_LasMeninas_152.jpg,1668,1920,Maria Agustina,439,1192,661,1521
image_LasMeninas_152.jpg,1668,1920,Infanta Margarita,667,1194,970,1584
image_LasMeninas_152.jpg,1668,1920,Isabel de Velasco,956,1060,1273,1456
image_LasMeninas_152.jpg,1668,1920,Mari Barbola,1279,1166,1558,1553
image_LasMeninas_153.jpg,268,517,Isabel de Velasco,1,130,265,512
image_LasMeninas_154.jpg,268,517,Isabel de Velasco,4,137,264,497
image_LasMeninas_155.jpg,268,517,Isabel de Velasco,1,137,260,505
image_LasMeninas_156.jpg,268,517,Isabel de Velasco,1,135,260,505
image_LasMeninas_157.jpg,268,517,Isabel de Velasco,3,139,257,506
image_LasMeninas_158.jpg,268,517,Isabel de Velasco,4,134,264,488
image_LasMeninas_159.jpg,939,1020,Infanta Margarita,2,465,240,800
image_LasMeninas_159.jpg,939,1020,Isabel de Velasco,239,314,547,687
image_LasMeninas_159.jpg,939,1020,Mari Barbola,550,393,840,724
image_LasMeninas_160.jpg,939,1020,Infanta Margarita,2,455,247,799
image_LasMeninas_160.jpg,939,1020,Isabel de Velasco,228,305,556,686
image_LasMeninas_160.jpg,939,1020,Mari Barbola,569,404,843,731
image_LasMeninas_161.jpg,939,1020,Infanta Margarita,9,452,226,806
image_LasMeninas_161.jpg,939,1020,Isabel de Velasco,246,308,540,689
image_LasMeninas_161.jpg,939,1020,Mari Barbola,553,406,836,726
image_LasMeninas_162.jpg,939,1020,Infanta Margarita,6,457,247,808
image_LasMeninas_162.jpg,939,1020,Isabel de Velasco,252,310,542,701
image_LasMeninas_162.jpg,939,1020,Mari Barbola,568,399,828,745
image_LasMeninas_163.jpg,939,1020,Infanta Margarita,1,455,239,802
image_LasMeninas_163.jpg,939,1020,Isabel de Velasco,243,301,548,695
image_LasMeninas_163.jpg,939,1020,Mari Barbola,571,392,850,740
image_LasMeninas_164.jpg,939,1020,Infanta Margarita,6,451,249,804
image_LasMeninas_164.jpg,939,1020,Isabel de Velasco,250,316,557,692
image_LasMeninas_164.jpg,939,1020,Mari Barbola,562,395,837,749
image_LasMeninas_165.jpg,939,1020,Infanta Margarita,2,453,239,798
image_LasMeninas_165.jpg,939,1020,Isabel de Velasco,242,309,567,693
image_LasMeninas_165.jpg,939,1020,Mari Barbola,583,396,844,747
image_LasMeninas_166.jpg,939,1020,Infanta Margarita,1,461,234,819
image_LasMeninas_166.jpg,939,1020,Isabel de Velasco,233,304,560,706
image_LasMeninas_166.jpg,939,1020,Mari Barbola,583,400,838,747
image_LasMeninas_167.jpg,939,1020,Infanta Margarita,7,455,246,799
image_LasMeninas_167.jpg,939,1020,Isabel de Velasco,259,305,556,682
image_LasMeninas_167.jpg,939,1020,Mari Barbola,571,411,854,742
image_LasMeninas_168.jpg,1222,712,Diego Velazquez,257,18,541,280
image_LasMeninas_168.jpg,1222,712,Maria Agustina,419,281,666,584
image_LasMeninas_168.jpg,1222,712,Infanta Margarita,671,287,953,629
image_LasMeninas_168.jpg,1222,712,Isabel de Velasco,966,139,1217,494
image_LasMeninas_169.jpg,1222,712,Diego Velazquez,257,22,535,282
image_LasMeninas_169.jpg,1222,712,Maria Agustina,409,283,649,604
image_LasMeninas_169.jpg,1222,712,Infanta Margarita,653,278,943,633
image_LasMeninas_169.jpg,1222,712,Isabel de Velasco,963,142,1217,517
image_LasMeninas_170.jpg,1222,712,Diego Velazquez,268,21,533,300
image_LasMeninas_170.jpg,1222,712,Maria Agustina,369,300,671,608
image_LasMeninas_170.jpg,1222,712,Infanta Margarita,679,290,954,657
image_LasMeninas_170.jpg,1222,712,Isabel de Velasco,967,138,1220,531
image_LasMeninas_171.jpg,1222,712,Diego Velazquez,266,29,538,286
image_LasMeninas_171.jpg,1222,712,Maria Agustina,430,290,664,580
image_LasMeninas_171.jpg,1222,712,Infanta Margarita,665,281,939,635
image_LasMeninas_171.jpg,1222,712,Isabel de Velasco,950,136,1214,522
image_LasMeninas_172.jpg,1222,712,Diego Velazquez,254,20,532,297
image_LasMeninas_172.jpg,1222,712,Maria Agustina,428,296,667,584
image_LasMeninas_172.jpg,1222,712,Infanta Margarita,672,277,938,616
image_LasMeninas_172.jpg,1222,712,Isabel de Velasco,942,127,1219,502
image_LasMeninas_173.jpg,1222,712,Diego Velazquez,264,18,527,290
image_LasMeninas_173.jpg,1222,712,Maria Agustina,414,273,655,589
image_LasMeninas_173.jpg,1222,712,Infanta Margarita,667,271,944,635
image_LasMeninas_173.jpg,1222,712,Isabel de Velasco,955,127,1219,552
image_LasMeninas_174.jpg,1222,712,Diego Velazquez,246,9,543,291
image_LasMeninas_174.jpg,1222,712,Maria Agustina,423,272,675,609
image_LasMeninas_174.jpg,1222,712,Infanta Margarita,676,250,924,639
image_LasMeninas_174.jpg,1222,712,Isabel de Velasco,929,138,1219,520
image_LasMeninas_175.jpg,1222,712,Diego Velazquez,255,32,533,297
image_LasMeninas_175.jpg,1222,712,Maria Agustina,414,257,671,614
image_LasMeninas_175.jpg,1222,712,Infanta Margarita,675,270,948,629
image_LasMeninas_175.jpg,1222,712,Isabel de Velasco,947,141,1217,525
image_LasMeninas_176.jpg,1222,712,Diego Velazquez,255,35,538,293
image_LasMeninas_176.jpg,1222,712,Maria Agustina,419,290,670,608
image_LasMeninas_176.jpg,1222,712,Infanta Margarita,676,288,932,626
image_LasMeninas_176.jpg,1222,712,Isabel de Velasco,938,132,1212,522
image_LasMeninas_177.jpg,836,544,Maria Agustina,51,275,225,543
image_LasMeninas_177.jpg,836,544,Infanta Margarita,254,285,484,543
image_LasMeninas_177.jpg,836,544,Isabel de Velasco,513,139,809,526
image_LasMeninas_178.jpg,836,544,Maria Agustina,23,279,223,539
image_LasMeninas_178.jpg,836,544,Infanta Margarita,252,295,484,544
image_LasMeninas_178.jpg,836,544,Isabel de Velasco,485,126,815,516
image_LasMeninas_179.jpg,836,544,Maria Agustina,27,274,222,533
image_LasMeninas_179.jpg,836,544,Infanta Margarita,235,288,492,539
image_LasMeninas_179.jpg,836,544,Isabel de Velasco,507,142,819,518
image_LasMeninas_180.jpg,836,544,Maria Agustina,38,269,221,538
image_LasMeninas_180.jpg,836,544,Infanta Margarita,244,290,485,534
image_LasMeninas_180.jpg,836,544,Isabel de Velasco,501,138,828,525
image_LasMeninas_181.jpg,836,544,Maria Agustina,33,282,229,532
image_LasMeninas_181.jpg,836,544,Infanta Margarita,243,283,489,539
image_LasMeninas_181.jpg,836,544,Isabel de Velasco,490,137,829,529
image_LasMeninas_182.jpg,836,544,Maria Agustina,39,279,217,542
image_LasMeninas_182.jpg,836,544,Infanta Margarita,229,275,492,544
image_LasMeninas_182.jpg,836,544,Isabel de Velasco,510,139,809,519
image_LasMeninas_183.jpg,836,544,Maria Agustina,25,255,225,542
image_LasMeninas_183.jpg,836,544,Infanta Margarita,237,269,491,542
image_LasMeninas_183.jpg,836,544,Isabel de Velasco,510,143,818,528
image_LasMeninas_184.jpg,836,544,Maria Agustina,27,271,231,530
image_LasMeninas_184.jpg,836,544,Infanta Margarita,237,276,491,542
image_LasMeninas_184.jpg,836,544,Isabel de Velasco,502,144,812,523
image_LasMeninas_185.jpg,660,443,Diego Velazquez,237,19,517,292
image_LasMeninas_186.jpg,660,443,Diego Velazquez,239,20,520,292
image_LasMeninas_186.jpg,660,443,Maria Agustina,473,278,625,424
image_LasMeninas_187.jpg,660,443,Diego Velazquez,237,21,505,273
image_LasMeninas_187.jpg,660,443,Maria Agustina,433,273,633,419
image_LasMeninas_188.jpg,660,443,Diego Velazquez,237,23,512,253
image_LasMeninas_188.jpg,660,443,Maria Agustina,445,252,644,427
image_LasMeninas_189.jpg,660,443,Diego Velazquez,238,22,515,274
image_LasMeninas_189.jpg,660,443,Maria Agustina,456,273,652,433
image_LasMeninas_190.jpg,660,443,Diego Velazquez,238,22,516,267
image_LasMeninas_190.jpg,660,443,Maria Agustina,455,267,638,429
image_LasMeninas_191.jpg,660,443,Diego Velazquez,242,30,519,290
image_LasMeninas_191.jpg,660,443,Maria Agustina,461,266,637,423
image_LasMeninas_192.jpg,660,443,Diego Velazquez,238,30,524,262
image_LasMeninas_192.jpg,660,443,Maria Agustina,458,263,640,428
image_LasMeninas_193.jpg,398,517,Mari Barbola,62,45,292,392
image_LasMeninas_194.jpg,398,517,Mari Barbola,31,54,298,433
image_LasMeninas_195.jpg,398,517,Mari Barbola,29,45,307,393
image_LasMeninas_196.jpg,398,517,Mari Barbola,33,47,301,424
image_LasMeninas_197.jpg,398,517,Mari Barbola,23,48,291,383
image_LasMeninas_198.jpg,398,517,Mari Barbola,35,36,304,419
image_LasMeninas_199.jpg,398,517,Mari Barbola,19,46,311,394
image_LasMeninas_200.jpg,398,517,Mari Barbola,32,47,301,406
image_LasMeninas_201.jpg,1668,1920,Diego Velazquez,247,941,522,1212
image_LasMeninas_201.jpg,1668,1920,Maria Agustina,421,1212,677,1535
image_LasMeninas_201.jpg,1668,1920,Infanta Margarita,679,1198,946,1578
image_LasMeninas_201.jpg,1668,1920,Isabel de Velasco,944,1060,1257,1469
image_LasMeninas_201.jpg,1668,1920,Mari Barbola,1273,1155,1548,1527
image_LasMeninas_202.jpg,1668,1920,Diego Velazquez,275,941,530,1228
image_LasMeninas_202.jpg,1668,1920,Maria Agustina,431,1192,663,1547
image_LasMeninas_202.jpg,1668,1920,Infanta Margarita,671,1198,926,1576
image_LasMeninas_202.jpg,1668,1920,Isabel de Velasco,922,1065,1235,1448
image_LasMeninas_202.jpg,1668,1920,Mari Barbola,1247,1149,1550,1545
image_LasMeninas_203.jpg,1668,1920,Diego Velazquez,249,919,522,1226
image_LasMeninas_203.jpg,1668,1920,Maria Agustina,356,1206,659,1507
image_LasMeninas_203.jpg,1668,1920,Infanta Margarita,659,1192,950,1600
image_LasMeninas_203.jpg,1668,1920,Isabel de Velasco,944,1056,1283,1416
image_LasMeninas_203.jpg,1668,1920,Mari Barbola,1288,1155,1534,1503
image_LasMeninas_204.jpg,1668,1920,Diego Velazquez,261,947,538,1208
image_LasMeninas_204.jpg,1668,1920,Maria Agustina,385,1182,669,1523
image_LasMeninas_204.jpg,1668,1920,Infanta Margarita,683,1192,956,1566
image_LasMeninas_204.jpg,1668,1920,Isabel de Velasco,962,1044,1283,1471
image_LasMeninas_204.jpg,1668,1920,Mari Barbola,1286,1160,1536,1525
image_LasMeninas_205.jpg,1668,1920,Diego Velazquez,243,921,538,1218
image_LasMeninas_205.jpg,1668,1920,Maria Agustina,395,1202,663,1513
image_LasMeninas_205.jpg,1668,1920,Infanta Margarita,665,1160,974,1594
image_LasMeninas_205.jpg,1668,1920,Isabel de Velasco,968,1020,1273,1547
image_LasMeninas_205.jpg,1668,1920,Mari Barbola,1286,1127,1534,1553
image_LasMeninas_206.jpg,1668,1920,Diego Velazquez,267,935,520,1210
image_LasMeninas_206.jpg,1668,1920,Maria Agustina,407,1192,647,1523
image_LasMeninas_206.jpg,1668,1920,Infanta Margarita,657,1190,940,1560
image_LasMeninas_206.jpg,1668,1920,Isabel de Velasco,946,1052,1249,1505
image_LasMeninas_206.jpg,1668,1920,Mari Barbola,1259,1115,1556,1535
image_LasMeninas_207.jpg,1668,1920,Diego Velazquez,265,939,544,1212
image_LasMeninas_207.jpg,1668,1920,Maria Agustina,425,1180,665,1549
image_LasMeninas_207.jpg,1668,1920,Infanta Margarita,667,1178,960,1594
image_LasMeninas_207.jpg,1668,1920,Isabel de Velasco,916,1034,1269,1442
image_LasMeninas_207.jpg,1668,1920,Mari Barbola,1271,1160,1544,1545
image_LasMeninas_208.jpg,1668,1920,Diego Velazquez,249,935,532,1206
image_LasMeninas_208.jpg,1668,1920,Maria Agustina,413,1200,675,1523
image_LasMeninas_208.jpg,1668,1920,Infanta Margarita,669,1184,972,1584
image_LasMeninas_208.jpg,1668,1920,Isabel de Velasco,968,1024,1279,1485
image_LasMeninas_208.jpg,1668,1920,Mari Barbola,1288,1151,1528,1549
image_UltimaCena_1.jpg,1920,1082,Jesucristo,844,521,1123,788
image_UltimaCena_1.jpg,1920,1082,Judas,522,567,740,780
image_UltimaCena_1.jpg,1920,1082,Mateo,1368,503,1577,753
image_UltimaCena_100.jpg,595,789,Judas,4,559,238,777
image_UltimaCena_100.jpg,595,789,Jesucristo,313,507,595,773
image_UltimaCena_11.jpg,1920,1082,Judas,546,574,703,763
image_UltimaCena_11.jpg,1920,1082,Jesucristo,844,514,1125,782
image_UltimaCena_11.jpg,1920,1082,Mateo,1371,502,1586,734
image_UltimaCena_12.jpg,1920,1082,Judas,545,576,727,760
image_UltimaCena_12.jpg,1920,1082,Jesucristo,826,495,1123,778
image_UltimaCena_12.jpg,1920,1082,Mateo,1377,490,1583,756
image_UltimaCena_13.jpg,1920,1082,Judas,530,575,738,783
image_UltimaCena_13.jpg,1920,1082,Jesucristo,830,495,1131,780
image_UltimaCena_13.jpg,1920,1082,Mateo,1391,505,1580,747
image_UltimaCena_14.jpg,1920,1082,Judas,530,572,738,771
image_UltimaCena_14.jpg,1920,1082,Jesucristo,810,499,1131,772
image_UltimaCena_14.jpg,1920,1082,Mateo,1404,514,1581,743
image_UltimaCena_15.jpg,1920,1082,Judas,525,574,722,765
image_UltimaCena_15.jpg,1920,1082,Jesucristo,838,515,1117,763
image_UltimaCena_15.jpg,1920,1082,Mateo,1400,511,1586,756
image_UltimaCena_16.jpg,1920,1082,Judas,531,574,722,770
image_UltimaCena_16.jpg,1920,1082,Jesucristo,823,513,1137,775
image_UltimaCena_16.jpg,1920,1082,Mateo,1390,498,1586,748
image_UltimaCena_17.jpg,1920,1082,Judas,534,564,746,767
image_UltimaCena_17.jpg,1920,1082,Jesucristo,837,514,1127,770
image_UltimaCena_17.jpg,1920,1082,Mateo,1394,507,1595,759
image_UltimaCena_18.jpg,1920,1082,Judas,537,570,744,775
image_UltimaCena_18.jpg,1920,1082,Jesucristo,822,513,1122,783
image_UltimaCena_18.jpg,1920,1082,Mateo,1396,506,1586,752
image_UltimaCena_20.jpg,1920,1082,Judas,522,567,757,778
image_UltimaCena_20.jpg,1920,1082,Jesucristo,813,510,1127,770
image_UltimaCena_20.jpg,1920,1082,Mateo,1390,503,1577,756
image_UltimaCena_21.jpg,1106,844,Jesucristo,35,515,327,767
image_UltimaCena_21.jpg,1106,844,Mateo,582,509,804,763
image_UltimaCena_22.jpg,1106,844,Jesucristo,23,505,327,771
image_UltimaCena_22.jpg,1106,844,Mateo,581,492,790,756
image_UltimaCena_23.jpg,1106,844,Jesucristo,22,496,338,768
image_UltimaCena_23.jpg,1106,844,Mateo,574,477,797,755
image_UltimaCena_24.jpg,1106,844,Jesucristo,19,497,334,775
image_UltimaCena_24.jpg,1106,844,Mateo,584,501,783,754
image_UltimaCena_26.jpg,1106,844,Jesucristo,37,518,326,772
image_UltimaCena_26.jpg,1106,844,Mateo,579,498,798,751
image_UltimaCena_27.jpg,1106,844,Jesucristo,38,509,325,765
image_UltimaCena_27.jpg,1106,844,Mateo,586,496,793,761
image_UltimaCena_29.jpg,1106,844,Jesucristo,37,512,333,775
image_UltimaCena_29.jpg,1106,844,Mateo,575,481,793,760
image_UltimaCena_3.jpg,1108,793,Judas,521,563,737,775
image_UltimaCena_3.jpg,1108,793,Jesucristo,818,522,1108,776
image_UltimaCena_30.jpg,1106,844,Jesucristo,29,509,321,779
image_UltimaCena_30.jpg,1106,844,Mateo,566,486,790,746
image_UltimaCena_31.jpg,1108,793,Judas,508,560,746,783
image_UltimaCena_31.jpg,1108,793,Jesucristo,798,508,1108,766
image_UltimaCena_32.jpg,1108,793,Judas,517,561,756,767
image_UltimaCena_32.jpg,1108,793,Jesucristo,813,508,1104,774
image_UltimaCena_35.jpg,1108,793,Judas,515,583,762,765
image_UltimaCena_35.jpg,1108,793,Jesucristo,796,507,1108,768
image_UltimaCena_36.jpg,1108,793,Judas,515,579,733,759
image_UltimaCena_36.jpg,1108,793,Jesucristo,791,483,1108,768
image_UltimaCena_37.jpg,1108,793,Judas,517,573,742,766
image_UltimaCena_37.jpg,1108,793,Jesucristo,817,506,1107,776
image_UltimaCena_38.jpg,1108,793,Judas,515,561,735,774
image_UltimaCena_38.jpg,1108,793,Jesucristo,817,509,1108,774
image_UltimaCena_39.jpg,1108,793,Judas,512,572,759,770
image_UltimaCena_39.jpg,1108,793,Jesucristo,805,505,1108,777
image_UltimaCena_4.jpg,539,790,Jesucristo,158,524,470,774
image_UltimaCena_40.jpg,1108,793,Judas,518,570,738,771
image_UltimaCena_40.jpg,1108,793,Jesucristo,807,506,1108,771
image_UltimaCena_41.jpg,539,790,Jesucristo,165,512,471,785
image_UltimaCena_42.jpg,539,790,Jesucristo,161,514,470,780
image_UltimaCena_45.jpg,539,790,Jesucristo,165,519,483,777
image_UltimaCena_46.jpg,539,790,Jesucristo,159,520,468,779
image_UltimaCena_47.jpg,539,790,Jesucristo,141,509,463,775
image_UltimaCena_48.jpg,539,790,Jesucristo,161,511,468,779
image_UltimaCena_49.jpg,539,790,Jesucristo,162,500,458,771
image_UltimaCena_5.jpg,284,310,Jesucristo,2,34,284,286
image_UltimaCena_50.jpg,539,790,Jesucristo,164,515,455,771
image_UltimaCena_53.jpg,284,310,Jesucristo,8,37,282,292
image_UltimaCena_54.jpg,284,310,Jesucristo,10,38,280,293
image_UltimaCena_55.jpg,284,310,Jesucristo,10,34,281,292
image_UltimaCena_56.jpg,284,310,Jesucristo,11,42,281,294
image_UltimaCena_57.jpg,284,310,Jesucristo,14,45,277,292
image_UltimaCena_59.jpg,284,310,Jesucristo,12,39,282,292
image_UltimaCena_6.jpg,284,788,Jesucristo,13,521,280,772
image_UltimaCena_60.jpg,284,310,Jesucristo,6,36,280,290
image_UltimaCena_61.jpg,284,788,Jesucristo,5,522,284,774
image_UltimaCena_62.jpg,284,788,Jesucristo,10,504,275,766
image_UltimaCena_63.jpg,284,788,Jesucristo,10,501,284,778
image_UltimaCena_64.jpg,284,788,Jesucristo,6,498,276,767
image_UltimaCena_65.jpg,284,788,Jesucristo,5,503,284,768
image_UltimaCena_66.jpg,284,788,Jesucristo,5,513,279,766
image_UltimaCena_67.jpg,284,788,Jesucristo,9,514,276,766
image_UltimaCena_68.jpg,284,788,Jesucristo,5,512,278,771
image_UltimaCena_69.jpg,284,788,Jesucristo,7,497,280,768
image_UltimaCena_7.jpg,1255,795,Jesucristo,201,510,456,767
image_UltimaCena_7.jpg,1255,795,Mateo,717,495,920,762
image_UltimaCena_70.jpg,284,788,Jesucristo,9,515,280,772
image_UltimaCena_71.jpg,1255,795,Jesucristo,185,513,456,774
image_UltimaCena_71.jpg,1255,795,Mateo,709,515,929,748
image_UltimaCena_72.jpg,1255,795,Jesucristo,152,516,467,767
image_UltimaCena_72.jpg,1255,795,Mateo,708,497,916,762
image_UltimaCena_73.jpg,1255,795,Jesucristo,162,508,471,764
image_UltimaCena_73.jpg,1255,795,Mateo,707,498,931,753
image_UltimaCena_74.jpg,1255,795,Jesucristo,163,511,467,770
image_UltimaCena_74.jpg,1255,795,Mateo,729,505,917,754
image_UltimaCena_75.jpg,1255,795,Jesucristo,175,500,454,769
image_UltimaCena_75.jpg,1255,795,Mateo,723,508,927,771
image_UltimaCena_76.jpg,1255,795,Jesucristo,151,499,455,769
image_UltimaCena_76.jpg,1255,795,Mateo,684,479,922,745
image_UltimaCena_78.jpg,1255,795,Jesucristo,164,491,454,769
image_UltimaCena_78.jpg,1255,795,Mateo,718,484,909,748
image_UltimaCena_8.jpg,1906,793,Jesucristo,846,522,1104,775
image_UltimaCena_8.jpg,1906,793,Judas,525,566,741,765
image_UltimaCena_8.jpg,1906,793,Mateo,1366,499,1574,769
image_UltimaCena_80.jpg,1255,795,Jesucristo,178,512,456,767
image_UltimaCena_80.jpg,1255,795,Mateo,707,489,914,740
image_UltimaCena_81.jpg,559,793,Jesucristo,19,515,295,771
image_UltimaCena_82.jpg,559,793,Jesucristo,9,506,282,762
image_UltimaCena_83.jpg,559,793,Jesucristo,10,499,294,764
image_UltimaCena_85.jpg,559,793,Jesucristo,7,503,295,775
image_UltimaCena_86.jpg,559,793,Jesucristo,11,500,285,765
image_UltimaCena_87.jpg,559,793,Jesucristo,8,508,295,770
image_UltimaCena_89.jpg,559,793,Jesucristo,9,513,295,772
image_UltimaCena_9.jpg,559,793,Jesucristo,7,496,289,771
image_UltimaCena_90.jpg,559,793,Jesucristo,8,504,282,766
image_UltimaCena_92.jpg,595,789,Judas,8,567,227,761
image_UltimaCena_92.jpg,595,789,Jesucristo,311,507,583,771
image_UltimaCena_93.jpg,595,789,Judas,14,569,233,766
image_UltimaCena_93.jpg,595,789,Jesucristo,319,529,595,761
image_UltimaCena_94.jpg,595,789,Judas,13,557,254,785
image_UltimaCena_94.jpg,595,789,Jesucristo,313,511,595,767
image_UltimaCena_97.jpg,595,789,Judas,14,577,244,784
image_UltimaCena_97.jpg,595,789,Jesucristo,323,507,587,765
image_UltimaCena_98.jpg,595,789,Judas,17,560,224,760
image_UltimaCena_98.jpg,595,789,Jesucristo,300,498,595,767
